ID,NPI,first_name,last_name,State,gender,primary specialty ,active,license 
1,7049178690,Pavel,Meyrick,New York,Male,Pediatrics,,
2,9341694920,Loutitia,Rhubottom,New York,Female,Cardiology,,
3,2010049674,Renaldo,Grigoryov,South Dakota,Male,Emergency,,
4,3021889938,Heloise,Burhill,District of Columbia,Female,Oncology,,
5,5054655677,Francyne,Delooze,Louisiana,Female,Surgery,,
6,4280174715,Patty,Eydel,Florida,Female,Family Practice,,
7,4743438530,Benedikt,Englefield,Michigan,Male,Endocrinology,,
8,4705888029,Kay,Dibling,Oklahoma,Female,Family Practice,,
9,421176374,Joana,Moule,Texas,Female,Endocrinology,,
10,7675920237,Lara,Bicheno,Missouri,Female,Cardiology,,
11,1482280128,Lock,Eastope,Florida,Male,Neurology,,
12,9814180333,Amitie,Abbys,Massachusetts,Female,Neurology,,
13,7938781430,Emilia,Jikylls,Hawaii,Female,Radiology,,
14,4449128185,Nesta,Firpo,South Dakota,Female,Cardiology,,
15,2089018107,Shamus,Combes,Tennessee,Male,Endocrinology,,
16,1770150137,Austen,Deeley,Massachusetts,Male,Emergency,,
17,6059821897,Philis,Duffy,Arizona,Bigender,Surgery,,
18,132544065,Nellie,Hughman,Illinois,Female,Neurology,,
19,7308711454,Bob,Gallant,Florida,Male,Surgery,,
20,3840109865,Bunni,Paladini,New York,Female,Emergency,,
21,5853275492,See,Eynon,Illinois,Male,Oncology,,
22,3778206625,Ara,Spoward,Missouri,Female,Pediatrics,,
23,3836951359,Charleen,Krier,Virginia,Female,Gynecology,,
24,3641612738,Banky,Grigoriscu,Missouri,Male,Gynecology,,
25,4380883447,Crichton,Bewfield,Iowa,Male,Pediatrics,,
26,1281447863,Nye,Jelf,District of Columbia,Genderqueer,Oncology,,
27,7550788014,Myrwyn,Abramino,Florida,Male,Gynecology,,
28,5694663340,Mandel,Heelis,California,Male,Radiology,,
29,5814076910,Michal,Martyntsev,Texas,Male,Family Practice,,
30,3466236862,Ilise,Quinnelly,Minnesota,Female,Cardiology,,
31,6492515331,Elmira,Frith,Florida,Female,Cardiology,,
32,1667134752,Charlie,Ruhben,Alabama,Male,Surgery,,
33,394527920,Dionysus,Gapp,Missouri,Male,Emergency,,
34,7322383863,Oralia,Dowsing,Michigan,Female,Surgery,,
35,9523234670,Gustavo,Wills,Texas,Male,Radiology,,
36,1881985634,Arturo,Currao,Nebraska,Male,Cardiology,,
37,7766939512,Rachael,Whetland,Oklahoma,Female,Gynecology,,
38,9098154692,Inglebert,Plaid,Ohio,Male,Gynecology,,
39,3988340321,Davida,O'Dyvoy,Florida,Female,Radiology,,
40,556363986,Melosa,Dyton,Oregon,Female,Cardiology,,
41,4115952282,Biron,Hutton,District of Columbia,Male,Emergency,,
42,8529885350,Lydon,Isakov,South Carolina,Male,Radiology,,
43,1889086507,Julie,Lintot,Kentucky,Male,Endocrinology,,
44,3196337587,Dalton,Piser,Nebraska,Male,Endocrinology,,
45,3068699867,Avrit,Ottiwill,District of Columbia,Female,Oncology,,
46,2536738534,Lynne,Flooks,Oklahoma,Bigender,Cardiology,,
47,5312079458,Terri-jo,Ehrat,Colorado,Agender,Surgery,,
48,2897528055,Zarah,Tappin,Washington,Female,Gynecology,,
49,8602196988,Rhody,Rochell,West Virginia,Female,Neurology,,
50,7686109893,Kirsti,Mouncey,Nebraska,Female,Endocrinology,,
51,6770588115,Rosaline,Cess,Florida,Female,Endocrinology,,
52,6439576751,Blinnie,McGorley,New York,Female,Cardiology,,
53,3850487242,Geno,Teanby,Georgia,Male,Oncology,,
54,4842557405,Talia,McIllrick,New York,Female,Emergency,,
55,6675849938,Marius,Klagges,Ohio,Male,Emergency,,
56,7254905022,Nolana,Fayer,South Carolina,Female,Endocrinology,,
57,4133797763,Zuzana,Nitti,Oklahoma,Female,Family Practice,,
58,7352460841,Elnore,Madre,District of Columbia,Female,Neurology,,
59,9528513244,Ranique,Vasechkin,Oklahoma,Female,Surgery,,
60,8579826950,Marie,Frew,Nevada,Female,Surgery,,
61,3111058798,Vasilis,Digle,Colorado,Male,Oncology,,
62,4080973749,Nehemiah,Vanyard,North Carolina,Male,Gynecology,,
63,9247152322,Dore,Blakes,Indiana,Male,Radiology,,
64,604638012,Ichabod,Woolstenholmes,California,Male,Neurology,,
65,770653861,Gardiner,Gilley,Pennsylvania,Male,Cardiology,,
66,7436228633,Aguste,Gilding,Virginia,Male,Surgery,,
67,8883448593,Charmine,Powland,Idaho,Female,Surgery,,
68,3214988789,Mireille,Bridel,New York,Female,Endocrinology,,
69,4517916246,Dionysus,Sanper,California,Male,Pediatrics,,
70,1894644061,Adolpho,Scrivenor,Texas,Male,Family Practice,,
71,2332981466,Beret,Pietroni,Pennsylvania,Genderqueer,Oncology,,
72,1041308972,Teriann,Heazel,Florida,Female,Pediatrics,,
73,3306796488,Ingemar,Girdlestone,California,Male,Pediatrics,,
74,4326319793,Felita,Durran,Ohio,Female,Emergency,,
75,8127403425,Izaak,Snookes,Texas,Male,Radiology,,
76,4101178406,Maison,Conradsen,California,Male,Emergency,,
77,2867132302,Katine,Cranney,Pennsylvania,Female,Endocrinology,,
78,6696657294,Calli,Elleray,Minnesota,Female,Neurology,,
79,3759426253,Halie,Beadle,Indiana,Female,Emergency,,
80,5743127256,Ora,Olivelli,California,Polygender,Surgery,,
81,9164388839,Rochell,Gibbins,Texas,Female,Pediatrics,,
82,4664246078,Felecia,Gawthorp,Texas,Female,Endocrinology,,
83,8542889467,Odella,Jammes,Michigan,Female,Family Practice,,
84,1196460268,Elijah,Shimwell,Minnesota,Polygender,Radiology,,
85,4072394499,Amie,Burcombe,Connecticut,Female,Endocrinology,,
86,2293136692,Sofie,Sandon,New Jersey,Female,Surgery,,
87,2677553107,Thea,Rearie,Florida,Female,Endocrinology,,
88,7134880446,My,Bitterton,California,Male,Oncology,,
89,2577642564,Davon,Saphir,New York,Male,Oncology,,
90,8592562634,Raddie,Vittery,Maryland,Male,Emergency,,
91,282865438,Camilla,Sissel,Virginia,Non-binary,Endocrinology,,
92,7245373643,Ferrell,Congram,Florida,Male,Surgery,,
93,8235641604,Garvy,Behrend,Connecticut,Male,Cardiology,,
94,825859754,Conney,Schirak,North Carolina,Male,Neurology,,
95,3100522338,Calvin,Quin,California,Male,Family Practice,,
96,873648711,Fawne,Lux,Florida,Female,Surgery,,
97,7185478145,Saree,MacGebenay,California,Female,Neurology,,
98,2999644788,Ellery,Serfati,Texas,Male,Neurology,,
99,1710960793,Maje,Teresse,California,Male,Family Practice,,
100,2773025619,Corbet,Kollach,Virginia,Male,Emergency,,
101,5884636654,Chilton,Chadwell,Colorado,Male,Cardiology,,
102,2924862755,Beverly,Giron,District of Columbia,Agender,Oncology,,
103,1248163963,Amby,Lynock,New York,Male,Surgery,,
104,6612952386,Lora,Humpherson,Mississippi,Female,Emergency,,
105,6388473424,Reta,Muncie,Missouri,Female,Gynecology,,
106,8241953019,Gwenette,Deares,North Carolina,Genderfluid,Cardiology,,
107,7092851808,Der,Petticrew,Texas,Non-binary,Surgery,,
108,433048981,Winnie,Baskerville,New Jersey,Male,Pediatrics,,
109,5638544301,Georgia,Tayt,Texas,Female,Neurology,,
110,55935653,Tisha,Leadbetter,California,Female,Endocrinology,,
111,7297540850,Godfry,Testo,Texas,Genderfluid,Radiology,,
112,2101970872,Neal,Gowthorpe,Georgia,Male,Radiology,,
113,6473953353,Shamus,Phear,District of Columbia,Male,Neurology,,
114,7498730781,Konstantin,Mara,Florida,Male,Radiology,,
115,7030390733,Jermaine,Purkess,Massachusetts,Polygender,Family Practice,,
116,4868715235,Laurette,Ashton,Florida,Female,Gynecology,,
117,717975796,Jock,Bowdidge,California,Male,Emergency,,
118,4160180568,Loy,Shakespeare,Texas,Male,Surgery,,
119,2213271719,Dusty,Hopewell,Alaska,Female,Family Practice,,
120,6887003264,Slade,Karoly,Texas,Genderfluid,Cardiology,,
121,9223211584,Celene,Ballendine,Florida,Female,Gynecology,,
122,1804805621,Kalila,Polino,Florida,Female,Neurology,,
123,9110883937,Annmaria,Wildsmith,New Mexico,Polygender,Pediatrics,,
124,3121052186,Kamilah,Balwin,Florida,Female,Oncology,,
125,3075504719,Ignace,Silman,Mississippi,Male,Radiology,,
126,56869840,Elia,Kop,Colorado,Male,Radiology,,
127,2014346057,Roby,Winson,Arizona,Female,Endocrinology,,
128,5802101696,Erin,Shadfourth,Georgia,Male,Emergency,,
129,4725085736,Wanda,Shires,Washington,Female,Pediatrics,,
130,9523242955,Lorelle,Costanza,New York,Female,Radiology,,
131,6172652338,Serge,Levesque,Ohio,Male,Radiology,,
132,7609197074,Benedetto,Stennet,California,Male,Endocrinology,,
133,8903991483,Tessie,Lythgoe,Tennessee,Female,Emergency,,
134,9889322647,Ester,Fortoun,Texas,Female,Endocrinology,,
135,3864515800,Cirilo,MacGillicuddy,California,Male,Cardiology,,
136,578601077,Grove,Suarez,Texas,Male,Gynecology,,
137,1202771462,Daisi,Thomke,Wisconsin,Female,Family Practice,,
138,5990894181,Dominik,Tack,New York,Male,Neurology,,
139,335199152,Corny,Babbe,Florida,Female,Surgery,,
140,6883125085,Griffith,Tudball,Colorado,Male,Oncology,,
141,4211215697,Nancee,Grunwall,Massachusetts,Female,Endocrinology,,
142,5290811049,Correy,Fellos,Indiana,Male,Neurology,,
143,5427614936,Kasper,Benoy,Florida,Male,Cardiology,,
144,5516278421,Huberto,Deason,Texas,Male,Radiology,,
145,3434243627,Jeremy,Cubbon,California,Male,Family Practice,,
146,5608352451,Saxe,Statham,Alaska,Bigender,Gynecology,,
147,302984553,Martin,Barrabeale,West Virginia,Male,Gynecology,,
148,2898552393,Natal,Edmeades,District of Columbia,Male,Pediatrics,,
149,8786508433,Griff,Sill,Maryland,Male,Emergency,,
150,2438416501,Esteban,Roderham,Georgia,Male,Neurology,,
151,2543306007,Randi,Girodin,Kansas,Female,Pediatrics,,
152,4112687516,Hastie,Spitell,Pennsylvania,Male,Gynecology,,
153,8175841544,Ring,McIllroy,Texas,Male,Family Practice,,
154,4004854317,Raddy,Forstall,California,Male,Pediatrics,,
155,8535966935,Florie,Scolding,Georgia,Female,Surgery,,
156,2072798761,Chadd,Hachette,California,Male,Surgery,,
157,291316464,Normie,Edlyne,Texas,Male,Neurology,,
158,4482996080,Ave,Tapsell,Maryland,Male,Cardiology,,
159,2292543687,Florentia,Lacrouts,Oklahoma,Female,Cardiology,,
160,1493878247,Sydney,Ilyinykh,California,Female,Endocrinology,,
161,2519083642,Rufus,Lambie,Ohio,Male,Surgery,,
162,5863395187,Vivianne,Whyman,Tennessee,Female,Gynecology,,
163,2254671043,Lily,Kleinstein,Texas,Female,Endocrinology,,
164,4983014984,Salmon,Colthard,Nevada,Male,Surgery,,
165,8653677280,Sascha,Loftus,Florida,Male,Emergency,,
166,3994591740,Albertina,Darth,Montana,Female,Emergency,,
167,5485358266,Jobie,Ganning,Kansas,Female,Surgery,,
168,8531785154,Tiff,Litster,Texas,Female,Surgery,,
169,38113447,Ofilia,Mugg,Virginia,Female,Neurology,,
170,7479543253,Hanan,Fucher,Montana,Male,Emergency,,
171,3987970210,Winnah,Hum,New Jersey,Female,Emergency,,
172,3609883127,Mario,Windram,Texas,Male,Surgery,,
173,3006867127,Adaline,Pethybridge,California,Female,Gynecology,,
174,7487101544,Binny,Kewish,District of Columbia,Female,Family Practice,,
175,8916924449,Laurent,Corrao,Georgia,Male,Surgery,,
176,9590365989,Ellissa,Amyes,Alabama,Female,Pediatrics,,
177,5468374542,Zechariah,Hanford,Texas,Male,Radiology,,
178,9867625005,Ricki,Brands,Indiana,Male,Radiology,,
179,1525978242,Arv,Pavier,Maryland,Male,Radiology,,
180,6111425550,Graham,Ilewicz,New York,Male,Oncology,,
181,4717742387,Hendrick,Inold,Georgia,Male,Neurology,,
182,181882458,Brook,Tregent,Missouri,Female,Cardiology,,
183,5908778830,Letitia,Stocker,Washington,Non-binary,Oncology,,
184,3956035463,Katinka,Jahndel,Delaware,Genderqueer,Gynecology,,
185,583735358,Rivalee,Kinnach,New York,Female,Surgery,,
186,8912067168,Catherina,Marney,Virginia,Female,Neurology,,
187,6929281162,Silvan,Saunton,Georgia,Male,Gynecology,,
188,765835950,Gary,Jelk,Florida,Male,Family Practice,,
189,9616280688,Scot,Linde,Alabama,Male,Emergency,,
190,9179100964,Ricard,Lowne,California,Male,Endocrinology,,
191,661408588,Editha,Carrel,Florida,Female,Emergency,,
192,2403940234,Sherri,Bodocs,Kentucky,Agender,Pediatrics,,
193,3175236099,Lucio,Cesaric,Florida,Male,Neurology,,
194,9972751433,Denys,Cartledge,Michigan,Female,Emergency,,
195,7255669026,Dane,Rodenburg,Ohio,Male,Pediatrics,,
196,7219366331,Marcille,Tuiller,Alabama,Female,Gynecology,,
197,317826029,Maximo,Frift,South Carolina,Male,Endocrinology,,
198,1761723629,Eran,Tertre,Michigan,Genderfluid,Cardiology,,
199,6619009349,Yolanda,Peyto,Texas,Female,Family Practice,,
200,3943951228,Antoni,Cochran,District of Columbia,Male,Surgery,,
201,7026024452,Francklyn,Moorfield,Kansas,Male,Oncology,,
202,538655312,Fabe,Goldberg,District of Columbia,Male,Pediatrics,,
203,4014552897,Rudolf,Davitti,North Carolina,Male,Pediatrics,,
204,5417371865,Evangelina,Kingswood,Texas,Female,Gynecology,,
205,8669937464,Danila,Blemen,California,Female,Radiology,,
206,757427332,Brendan,Bolingbroke,California,Male,Emergency,,
207,8069805592,Milissent,Semorad,District of Columbia,Female,Emergency,,
208,3951884300,Grethel,Bernardo,Florida,Female,Surgery,,
209,2685146094,Nicoli,Gallehock,Texas,Female,Surgery,,
210,6815004895,Gris,Roughan,Pennsylvania,Bigender,Endocrinology,,
211,501364488,Donella,Cotter,Florida,Female,Gynecology,,
212,4667949655,Lizzy,Serjent,Minnesota,Female,Surgery,,
213,4301850784,La verne,Say,New York,Agender,Neurology,,
214,7169008015,Ardella,Kristof,New York,Female,Oncology,,
215,6695015486,Donnell,Albrooke,Texas,Male,Surgery,,
216,4454653146,Ira,Simion,Tennessee,Female,Neurology,,
217,3682112201,Theodor,Rafter,Florida,Male,Oncology,,
218,9528059908,Camila,McGlynn,Tennessee,Female,Cardiology,,
219,4465780586,Ernestus,McGiffin,Alaska,Male,Cardiology,,
220,231604649,Adeline,Searl,California,Female,Neurology,,
221,7171273900,Shannan,Malenfant,Arizona,Male,Oncology,,
222,6590280336,Daven,Loudian,California,Male,Neurology,,
223,9991598424,Ray,Tackett,Florida,Male,Neurology,,
224,7154665271,Doralynn,Cawker,Florida,Female,Endocrinology,,
225,3820407442,Halette,Venturoli,Indiana,Female,Oncology,,
226,633891731,Wilma,Sharma,Illinois,Agender,Family Practice,,
227,261897593,Marlin,Gadman,Texas,Male,Cardiology,,
228,424834638,Alejandro,Whitwam,Georgia,Male,Pediatrics,,
229,9484466339,Josh,Nuton,Texas,Male,Emergency,,
230,8717687052,Auria,Fysh,California,Female,Radiology,,
231,3110067257,Anneliese,Roofe,Illinois,Female,Cardiology,,
232,6731949526,Clarine,Ceeley,Texas,Female,Pediatrics,,
233,8025636065,Gabe,Bilney,Illinois,Male,Neurology,,
234,8594303967,Gill,Reicherz,New York,Male,Gynecology,,
235,6895058251,Jeffy,Forman,Washington,Male,Neurology,,
236,3613730298,Margarethe,Isaksson,New York,Female,Emergency,,
237,345614609,Kare,Perroni,District of Columbia,Female,Surgery,,
238,7965213912,Hilton,Guilliland,Virginia,Male,Radiology,,
239,122485183,Ivory,Pencot,Texas,Female,Gynecology,,
240,5377976275,Willie,Lambshine,Tennessee,Male,Radiology,,
241,6775956686,Kimberley,Villaron,Texas,Female,Cardiology,,
242,876727659,Hall,Timlett,Texas,Male,Family Practice,,
243,6459651851,Ellerey,Denty,Colorado,Male,Gynecology,,
244,3654409889,Christoforo,Houtbie,Massachusetts,Male,Endocrinology,,
245,6339918160,Taddeo,Lamboll,Washington,Male,Endocrinology,,
246,9192996177,Olvan,Diglin,Georgia,Male,Surgery,,
247,2997860811,Noland,De Nisco,California,Male,Radiology,,
248,5494680251,Deborah,Ivanyukov,Kansas,Female,Endocrinology,,
249,6396796520,Dmitri,Lerhinan,California,Male,Oncology,,
250,2736445451,Tiler,Espinosa,District of Columbia,Male,Cardiology,,
251,1102634771,Kassandra,Sproston,District of Columbia,Female,Neurology,,
252,4694271815,Brucie,Dudliston,Illinois,Male,Pediatrics,,
253,6941884474,Charles,Bambra,Florida,Male,Pediatrics,,
254,541315195,Friedrich,Ransom,Colorado,Male,Radiology,,
255,1273097572,Erie,Cleaves,North Carolina,Male,Gynecology,,
256,4914529925,Roger,Gilbride,Nebraska,Male,Pediatrics,,
257,9170669250,Demetria,Howarth,Georgia,Female,Surgery,,
258,6796877153,Lek,Hassey,California,Male,Radiology,,
259,7406865929,Desdemona,Ruspine,Virginia,Non-binary,Surgery,,
260,645002779,Trumaine,Syphus,Arizona,Male,Oncology,,
261,302760387,Christina,Faircley,California,Female,Gynecology,,
262,5195456517,Bing,Petronis,New Jersey,Male,Radiology,,
263,689328967,Iolande,Pinyon,Washington,Female,Gynecology,,
264,8271727672,Michal,Ech,North Carolina,Female,Pediatrics,,
265,8994621529,Hillard,Lovekin,Louisiana,Male,Radiology,,
266,506350529,Allen,Hardistry,Georgia,Male,Emergency,,
267,5878092924,Gar,Anstice,Missouri,Male,Oncology,,
268,1897132073,Kalil,Sobey,Florida,Male,Oncology,,
269,374082362,Lee,Linguard,District of Columbia,Male,Gynecology,,
270,7615192444,Garrard,Renac,Iowa,Male,Gynecology,,
271,8313244552,Nehemiah,Fullerd,Georgia,Male,Pediatrics,,
272,9914445082,Dav,Bedson,New York,Male,Radiology,,
273,1787144902,Katrina,Heaffey,Oklahoma,Female,Family Practice,,
274,6270544840,Tandy,Archambault,Texas,Female,Radiology,,
275,2377631028,Baron,Grigoriscu,Texas,Male,Gynecology,,
276,7707191491,Nilson,Jirieck,Pennsylvania,Male,Cardiology,,
277,783581462,Finley,Rawlingson,Florida,Male,Surgery,,
278,1696303344,Garrot,De Atta,Alabama,Male,Emergency,,
279,6203687196,Olivia,Schwier,Idaho,Female,Surgery,,
280,3564666365,Son,Oughton,Pennsylvania,Male,Surgery,,
281,4221498508,Donella,Allabarton,Virginia,Female,Cardiology,,
282,7629121493,Louise,Hryniewicki,Texas,Female,Radiology,,
283,5637805246,Emma,Truse,New York,Female,Pediatrics,,
284,861956296,Cymbre,Brownbridge,West Virginia,Polygender,Radiology,,
285,8684842405,Sonja,Gooderham,Kansas,Genderqueer,Gynecology,,
286,1872486537,Kile,Stollwerk,Oklahoma,Male,Endocrinology,,
287,2404672388,Ardis,Lenox,North Carolina,Female,Radiology,,
288,7167655610,Ronny,Timlin,District of Columbia,Male,Emergency,,
289,8557009010,Cassondra,Kennet,Louisiana,Female,Endocrinology,,
290,7527646589,Raymond,Waghorne,Arkansas,Male,Family Practice,,
291,795775681,Joanie,McDade,South Carolina,Polygender,Surgery,,
292,9885114757,Marnia,Tomich,Louisiana,Female,Family Practice,,
293,5697719578,Fianna,Daverin,Florida,Female,Cardiology,,
294,7044138430,Dilly,Penberthy,Florida,Male,Family Practice,,
295,7077360575,Alecia,Harsnipe,Kansas,Female,Surgery,,
296,6468846940,Catlee,Stearn,California,Female,Emergency,,
297,7060783265,Cornela,Garatty,Texas,Female,Oncology,,
298,6413760975,Wilhelmina,Klementz,Kansas,Female,Radiology,,
299,4741072208,Boothe,Convery,West Virginia,Male,Endocrinology,,
300,6319445602,Leela,Jelk,Ohio,Female,Neurology,,
301,3843696529,Lottie,Grocott,California,Female,Radiology,,
302,2299221274,Kimmie,Benedite,California,Female,Gynecology,,
303,2293409261,Ryley,O' Connell,California,Male,Surgery,,
304,3656220723,Cole,Powlesland,Indiana,Male,Pediatrics,,
305,8815394768,Simone,Clearie,New York,Female,Oncology,,
306,1982187905,Buckie,Longdon,Texas,Male,Emergency,,
307,7413690411,Teddi,Lewisham,District of Columbia,Female,Endocrinology,,
308,511949329,Fidole,Downs,Louisiana,Male,Emergency,,
309,9297850115,Candy,Hercules,Florida,Female,Pediatrics,,
310,8033831234,Forrest,Thripp,Maryland,Male,Radiology,,
311,5785052242,Drona,Dabney,Colorado,Female,Neurology,,
312,9602471684,Marie-jeanne,Hunnybun,Florida,Female,Cardiology,,
313,6339868271,Jeanelle,Gabbott,California,Female,Endocrinology,,
314,3017448301,Murial,Nurdin,Florida,Female,Cardiology,,
315,3041568954,Frasquito,Rawlin,Massachusetts,Male,Surgery,,
316,9650369822,Pollyanna,Durtnal,Alabama,Female,Pediatrics,,
317,6533009301,Kristi,Dunnan,Texas,Female,Emergency,,
318,5787857537,Ancell,McAllester,Texas,Male,Gynecology,,
319,1140079323,Albina,Dunthorn,California,Female,Family Practice,,
320,3684454941,Stefanie,Gibbie,District of Columbia,Agender,Radiology,,
321,1597486956,Gaby,MacGilfoyle,California,Female,Emergency,,
322,9903506692,Fawn,Lieb,Minnesota,Female,Radiology,,
323,6280324522,Dalton,Gepson,Virginia,Male,Radiology,,
324,2831524702,Rafi,Aukland,Alabama,Male,Gynecology,,
325,6664575705,Grange,Guerri,Kansas,Male,Oncology,,
326,3994888327,Edita,Merck,District of Columbia,Female,Endocrinology,,
327,9930233881,Jabez,Kirkham,Ohio,Male,Oncology,,
328,1950365407,Maria,Glentworth,California,Genderqueer,Gynecology,,
329,41266205,Marian,Eglin,New York,Bigender,Endocrinology,,
330,5734695920,Fianna,Paragreen,Louisiana,Female,Radiology,,
331,3175337230,Bartolomeo,Carnduff,Minnesota,Male,Radiology,,
332,8913883136,Valeria,Rathbone,Texas,Female,Family Practice,,
333,9182457885,Cristina,Rosenbush,Alabama,Female,Emergency,,
334,196019668,Faun,Patkin,Mississippi,Genderqueer,Cardiology,,
335,4137225767,Desmund,Belford,Indiana,Male,Endocrinology,,
336,8284053984,Alphard,Exroll,Nevada,Male,Neurology,,
337,8895322524,Rosie,Strowlger,Minnesota,Female,Gynecology,,
338,5788512475,Mamie,Marushak,West Virginia,Genderfluid,Endocrinology,,
339,5072008934,Roberto,Hatt,Ohio,Male,Cardiology,,
340,6441250051,Bernadine,Swarbrigg,Wisconsin,Female,Family Practice,,
341,9123221451,Janine,Pick,Georgia,Female,Radiology,,
342,5742712685,Leoine,Panketh,Georgia,Female,Neurology,,
343,9963949781,Madelon,Freddi,Massachusetts,Female,Neurology,,
344,7280717393,Norbie,Saylor,Nevada,Male,Gynecology,,
345,9037508390,Daren,Newis,Illinois,Male,Surgery,,
346,3293745278,Claudius,Say,California,Male,Surgery,,
347,5993006989,Sylvester,Zorzoni,Texas,Male,Neurology,,
348,961686445,Helaine,Gladdolph,California,Female,Radiology,,
349,8638644665,Barrett,Camerati,New Hampshire,Male,Emergency,,
350,5605370694,Alvy,Pettican,Tennessee,Male,Pediatrics,,
351,6238215626,Legra,Reymers,New York,Female,Radiology,,
352,4883712845,Marius,Winman,New York,Male,Family Practice,,
353,227939272,Frederik,Beamson,Kansas,Male,Pediatrics,,
354,221927392,Drona,Kenright,Oklahoma,Female,Oncology,,
355,5822944239,Guntar,Yushmanov,Georgia,Male,Endocrinology,,
356,4320429166,Gray,Eastmond,Alabama,Male,Pediatrics,,
357,13239897,Goddard,Meech,North Dakota,Male,Surgery,,
358,4894859557,Lexie,Assante,Texas,Female,Radiology,,
359,3296554761,Thain,Lundon,New York,Male,Surgery,,
360,4594356018,Everard,Hebden,Michigan,Male,Family Practice,,
361,7538169768,Rollin,Spottswood,New Jersey,Male,Oncology,,
362,5445853499,Rusty,Mibourne,Alabama,Genderqueer,Radiology,,
363,9200449077,Batsheva,Battison,Texas,Genderfluid,Radiology,,
364,9793692241,Kasper,Chitson,Texas,Male,Gynecology,,
365,1412502307,Norri,Jarville,Texas,Female,Radiology,,
366,1392801596,Jarret,Waring,Virginia,Male,Pediatrics,,
367,8024615091,Ardene,Pawelski,Ohio,Female,Emergency,,
368,5287627752,Fionnula,Billingsley,New York,Female,Gynecology,,
369,8638298703,Daryle,Gennings,Hawaii,Male,Surgery,,
370,7698021781,Colline,Featherstonhalgh,Connecticut,Female,Cardiology,,
371,4319672223,Bess,Bugdell,Texas,Female,Family Practice,,
372,1164169905,Dell,Midgely,Arizona,Male,Gynecology,,
373,6268138614,Inness,Brockelsby,New York,Male,Pediatrics,,
374,863685790,Datha,Lauks,New Jersey,Female,Radiology,,
375,5927384825,Rochella,Attard,Texas,Female,Pediatrics,,
376,7441137646,Maurie,O'Cooney,Michigan,Male,Radiology,,
377,7589947578,Jermaine,Heyball,Tennessee,Male,Neurology,,
378,9802995370,Brok,Scemp,Georgia,Bigender,Emergency,,
379,2637327595,Louie,Chiddy,Minnesota,Male,Radiology,,
380,9321013435,Minor,Gledhill,Oklahoma,Male,Radiology,,
381,4476947968,Leora,Turley,Florida,Female,Endocrinology,,
382,6291074788,Russell,Hallatt,Arizona,Male,Oncology,,
383,7641043977,Giorgio,Gregoli,Ohio,Male,Emergency,,
384,3331171232,Velma,Heisman,California,Female,Emergency,,
385,3559525224,Robbert,Hancorn,Texas,Bigender,Surgery,,
386,1397589163,Ulick,Sloane,Maryland,Male,Family Practice,,
387,7293087743,Matthias,Tows,Utah,Male,Radiology,,
388,3057843433,Allison,Banghe,Arizona,Female,Gynecology,,
389,6865645679,Sigfried,Lanchberry,California,Male,Surgery,,
390,991882663,Wakefield,Howerd,California,Male,Pediatrics,,
391,7959874876,Amelina,Ferruzzi,Pennsylvania,Female,Endocrinology,,
392,4103154659,Kessia,Leadston,California,Female,Radiology,,
393,4552015890,Hort,Santen,Nevada,Male,Emergency,,
394,6519042924,Bendick,Llewellen,Louisiana,Male,Emergency,,
395,8901797300,Arlin,Batty,New York,Male,Cardiology,,
396,4814195476,Guendolen,Besque,New York,Female,Emergency,,
397,2062105290,Vivienne,Readmire,Florida,Female,Family Practice,,
398,1384376155,Carlynne,Kermode,Texas,Female,Cardiology,,
399,4101827114,Trumann,Beales,Texas,Male,Pediatrics,,
400,9861105960,Daphna,Stein,Oklahoma,Female,Pediatrics,,
401,2401280608,Selig,Bourdel,Florida,Polygender,Oncology,,
402,6617343520,Shelia,Haysman,Florida,Female,Neurology,,
403,3464166758,Demetri,Gandy,Oregon,Male,Pediatrics,,
404,729719329,Mac,Sparks,Texas,Male,Gynecology,,
405,8613310697,Damon,Duffil,Pennsylvania,Male,Oncology,,
406,4300780476,Robinett,Hamberston,Texas,Female,Family Practice,,
407,6688662841,Dale,Vesty,District of Columbia,Female,Cardiology,,
408,7847926362,Zane,Lewens,Pennsylvania,Male,Surgery,,
409,6664182254,Solomon,McDoual,North Carolina,Male,Pediatrics,,
410,9566262126,Barbra,Dolle,Iowa,Female,Family Practice,,
411,3911970212,Giovanni,Zarfat,Maryland,Male,Emergency,,
412,6331898235,Valentine,Brouncker,Washington,Female,Pediatrics,,
413,3844226586,Walton,Dunkerk,Ohio,Male,Surgery,,
414,8637713810,Christos,Lambrick,Michigan,Male,Neurology,,
415,9252839018,Zeb,O'Glessane,Ohio,Male,Gynecology,,
416,4999643179,Libby,Mougenel,California,Female,Family Practice,,
417,979263657,Padgett,Ditt,New York,Male,Neurology,,
418,4715800913,Gayelord,Bodycomb,California,Male,Neurology,,
419,1326115878,Gabe,Lisciandri,Florida,Genderqueer,Radiology,,
420,5736032620,Juliana,Halson,Minnesota,Female,Cardiology,,
421,8176450895,Farrah,Thayre,New York,Female,Pediatrics,,
422,4313437883,Harp,Kiendl,California,Genderfluid,Cardiology,,
423,6892053617,Diena,Zahor,Missouri,Female,Endocrinology,,
424,692558902,Mallory,Swanton,North Carolina,Male,Endocrinology,,
425,8582598136,Libbie,Walliker,Ohio,Female,Endocrinology,,
426,9215554113,Farrell,Huntriss,Colorado,Male,Endocrinology,,
427,4931608544,Vincent,Muffen,Massachusetts,Genderfluid,Radiology,,
428,7705958939,Saundra,Lees,Colorado,Male,Cardiology,,
429,4428921310,Beltran,Brisset,Alabama,Male,Oncology,,
430,693848750,Dallas,Wadworth,Arkansas,Female,Gynecology,,
431,9088245983,Barret,Collidge,Iowa,Male,Oncology,,
432,5587879309,Ingram,Earle,Louisiana,Male,Family Practice,,
433,8681038192,Dulcine,McCague,Minnesota,Female,Cardiology,,
434,6457589775,Sax,Heald,Kansas,Male,Pediatrics,,
435,7995785161,William,Heel,Missouri,Male,Radiology,,
436,9201349461,Wyn,Bamforth,Virginia,Polygender,Surgery,,
437,4892402783,Vanessa,Stanex,Missouri,Female,Endocrinology,,
438,400843126,Luke,Castledine,Alabama,Male,Neurology,,
439,3264745228,Fianna,Yarnall,Tennessee,Genderfluid,Emergency,,
440,5541840699,Matthias,Lacotte,South Carolina,Male,Endocrinology,,
441,1007274206,Zerk,Warmisham,Louisiana,Male,Radiology,,
442,584502760,Kriste,Spelwood,Florida,Female,Cardiology,,
443,8291396249,Burty,Bonson,Maryland,Polygender,Gynecology,,
444,3963878874,Juan,Boutell,Florida,Male,Gynecology,,
445,2535809735,Jermaine,Ledingham,Arizona,Female,Pediatrics,,
446,1355077480,Bone,Ferson,Kansas,Male,Oncology,,
447,5117912876,Gerrie,O' Mulderrig,Louisiana,Genderqueer,Neurology,,
448,6209019236,Jock,Hickisson,California,Male,Cardiology,,
449,6647355754,Hakim,Garvan,Iowa,Male,Emergency,,
450,2338548104,Teddy,Burchfield,Louisiana,Male,Oncology,,
451,9950096380,Nefen,Grahame,Minnesota,Male,Radiology,,
452,9226153132,Jenifer,MacAndreis,Pennsylvania,Female,Surgery,,
453,4808282716,Rozanne,Farlham,Kentucky,Genderfluid,Pediatrics,,
454,9023339547,Noreen,Huckell,Illinois,Genderqueer,Radiology,,
455,3058148298,Tybalt,Linford,Pennsylvania,Male,Endocrinology,,
456,7075489430,Webb,Danbrook,Texas,Male,Emergency,,
457,8727540605,Claire,Large,Nevada,Female,Endocrinology,,
458,9658260495,Delores,Gaynor,Texas,Agender,Gynecology,,
459,4629920593,Frasquito,Klug,Missouri,Male,Gynecology,,
460,9759377939,Denny,Gavaghan,Florida,Male,Emergency,,
461,2088778934,Oralla,Prater,District of Columbia,Female,Oncology,,
462,6029514924,Lelah,Mum,North Carolina,Female,Pediatrics,,
463,9787627935,Maddy,Banasevich,Ohio,Male,Family Practice,,
464,8636390400,Christoffer,Reboul,Florida,Male,Cardiology,,
465,4748363103,Bernarr,Daws,Washington,Polygender,Family Practice,,
466,4510919122,Nevins,Maypes,New York,Male,Pediatrics,,
467,9515497305,Brander,Ireson,Minnesota,Male,Emergency,,
468,2814528205,Jethro,Lidbetter,Texas,Agender,Radiology,,
469,8589291251,Corabelle,Pic,Pennsylvania,Female,Pediatrics,,
470,9582411201,Horatio,Wimes,Florida,Polygender,Emergency,,
471,181327681,Rooney,Wixey,Connecticut,Male,Surgery,,
472,6178559874,Holt,Gilffillan,Missouri,Male,Endocrinology,,
473,1859781227,Coralie,Demangeon,Wisconsin,Female,Pediatrics,,
474,6449511145,Debora,Creed,Kansas,Polygender,Neurology,,
475,1259040519,Dieter,Lloyd-Williams,Hawaii,Male,Cardiology,,
476,8930175697,Bobina,Leetham,Florida,Female,Neurology,,
477,3866726262,Peder,Buckthorp,Maryland,Male,Oncology,,
478,887210037,Domeniga,Curnok,Georgia,Female,Oncology,,
479,2197767078,Hendrika,Tourot,California,Female,Emergency,,
480,9307194598,Karlan,Ivashinnikov,Georgia,Male,Emergency,,
481,5204424374,Gretal,Phillpotts,California,Female,Oncology,,
482,9623569568,Aharon,Stollen,Nevada,Male,Surgery,,
483,1824275198,Ophelie,M'Quharge,Kentucky,Female,Family Practice,,
484,890396453,Kari,Rizziello,Georgia,Bigender,Oncology,,
485,7934016595,Trixy,Stroud,Nevada,Female,Gynecology,,
486,8832630054,Mayne,Seak,Indiana,Non-binary,Emergency,,
487,1868721235,Xerxes,Toner,Ohio,Male,Neurology,,
488,1940639082,Terrill,Shevels,California,Male,Pediatrics,,
489,2648013027,Rupert,Stiegars,New York,Male,Family Practice,,
490,5469792255,Scott,Codling,Texas,Male,Endocrinology,,
491,7062675298,Nelly,Lovewell,Kansas,Female,Oncology,,
492,154486807,Floris,Barwise,Tennessee,Female,Cardiology,,
493,8766224729,Norbie,Keri,Louisiana,Male,Emergency,,
494,391629660,Nickolas,Giacomoni,District of Columbia,Male,Oncology,,
495,553560870,Petra,Eatock,California,Female,Oncology,,
496,3047153119,Candra,Spiaggia,Indiana,Female,Pediatrics,,
497,4255085001,Ottilie,Whelpton,Illinois,Female,Surgery,,
498,6558186207,Rosemaria,MacFaell,Georgia,Female,Neurology,,
499,3815962702,Worthington,Lansberry,California,Genderfluid,Oncology,,
500,6831814506,Celle,Chipp,Minnesota,Female,Cardiology,,
501,5642048119,Moyna,Douthwaite,Maryland,Genderqueer,Oncology,,
502,9759982971,Trenton,Fasset,Pennsylvania,Male,Neurology,,
503,5128881667,Jone,Dederick,Texas,Non-binary,Oncology,,
504,416329596,Vincenz,Cobon,Georgia,Male,Pediatrics,,
505,475257615,Rutherford,Divill,New York,Male,Oncology,,
506,6552728898,Markos,Vain,Kansas,Male,Emergency,,
507,1766200275,Nicholle,Hadlee,District of Columbia,Female,Family Practice,,
508,5026746090,Franz,Chalcroft,Louisiana,Male,Pediatrics,,
509,1065301409,William,Soot,Washington,Male,Radiology,,
510,1839602413,Nichol,Abbs,Texas,Female,Emergency,,
511,8587444178,Jayson,Brayson,Kansas,Male,Oncology,,
512,5085507958,Leanora,Spraberry,California,Female,Neurology,,
513,6383725990,Leah,Eddison,Texas,Female,Oncology,,
514,5611957829,Finley,Dumphy,Georgia,Male,Family Practice,,
515,4059564771,Penny,Minerdo,Arizona,Polygender,Surgery,,
516,2906146359,Selby,Woodus,New York,Male,Gynecology,,
517,3313251852,Jaquelyn,Risebrow,Virginia,Female,Cardiology,,
518,6490518820,Rodrigo,Phillcock,Alabama,Male,Surgery,,
519,9127024509,Alice,Reap,Florida,Female,Gynecology,,
520,7552043549,Bald,Knowlton,Massachusetts,Male,Family Practice,,
521,9295254070,Anthiathia,Heavy,Connecticut,Female,Neurology,,
522,638745636,Donica,Bampforth,Florida,Female,Gynecology,,
523,5717022451,Cly,Gerram,Texas,Male,Neurology,,
524,1637464150,Ermanno,Maciejewski,South Carolina,Male,Family Practice,,
525,4201964029,Atlante,O' Meara,Illinois,Female,Pediatrics,,
526,8436184178,Noe,Anney,Virginia,Male,Emergency,,
527,3369549222,Carmella,Handy,Maryland,Female,Oncology,,
528,7993228812,Leon,Cope,Oklahoma,Male,Emergency,,
529,4047978091,Barton,Riche,California,Genderqueer,Endocrinology,,
530,5730758497,Hyacinthia,Kraft,Texas,Female,Oncology,,
531,5271042152,Lotty,Bonar,Texas,Female,Pediatrics,,
532,5898452849,Blanche,Eggins,New York,Female,Emergency,,
533,3784289723,Laurie,Flury,Kansas,Male,Pediatrics,,
534,6556250973,Terri,McCawley,Texas,Male,Endocrinology,,
535,2592371878,Remy,DeSousa,Washington,Female,Oncology,,
536,5320306104,Julietta,O'Carroll,District of Columbia,Female,Neurology,,
537,3172846251,Vivie,Byfford,Kentucky,Female,Radiology,,
538,2105850404,Norrie,Flowitt,Maryland,Agender,Emergency,,
539,5399012064,Oberon,Chater,Texas,Male,Surgery,,
540,6700707368,Antonella,Paynter,North Carolina,Female,Surgery,,
541,4411531847,Jenica,Innott,Virginia,Non-binary,Oncology,,
542,1719712556,Greg,Dulson,Indiana,Male,Cardiology,,
543,1930051304,Madelle,Davidovitz,Virginia,Female,Emergency,,
544,3705751761,Wat,Rozzier,New Jersey,Male,Radiology,,
545,5293507631,Hailey,Danihel,Indiana,Male,Oncology,,
546,1703585574,Harald,Elacoate,Washington,Male,Radiology,,
547,8642606129,Otis,Neal,West Virginia,Male,Neurology,,
548,5548410660,Claybourne,Bellenie,Texas,Male,Pediatrics,,
549,1617574276,Carole,Sent,Indiana,Female,Neurology,,
550,5424869444,Lucio,Curner,District of Columbia,Male,Pediatrics,,
551,2216102827,Paddie,Greeveson,Texas,Male,Surgery,,
552,9329669550,Kenyon,Tichner,California,Male,Radiology,,
553,2645991273,Luci,Dillamore,Oklahoma,Female,Oncology,,
554,6762818559,Cordy,Seiffert,Washington,Male,Neurology,,
555,6247724080,Diana,Pethick,Massachusetts,Female,Neurology,,
556,5736684649,Hayes,Dowderswell,Alabama,Male,Endocrinology,,
557,1175822346,Arron,Phalp,Ohio,Male,Surgery,,
558,5070126004,Halsy,Kyberd,Texas,Male,Cardiology,,
559,7104011750,Dean,Readwin,Texas,Male,Oncology,,
560,1237694801,Faina,Staite,District of Columbia,Female,Pediatrics,,
561,6426041056,Carling,Skocroft,California,Male,Surgery,,
562,120782562,Moishe,Dumke,Pennsylvania,Male,Gynecology,,
563,6469579412,Meir,Daintier,Florida,Male,Radiology,,
564,1462290946,Vitia,Paradin,New Mexico,Bigender,Endocrinology,,
565,339294847,Leontine,Kellen,Florida,Female,Neurology,,
566,9410141494,Samara,Fritschel,Oregon,Female,Radiology,,
567,8489228669,Matti,Boldt,Florida,Bigender,Neurology,,
568,5755574688,Kesley,Freezer,Ohio,Female,Radiology,,
569,4235443748,Rowan,Burgwyn,Connecticut,Male,Family Practice,,
570,3460181617,Gregg,Leisk,Colorado,Bigender,Radiology,,
571,9217639772,Pip,McSporon,New York,Male,Gynecology,,
572,3818600243,Sigismond,Spelling,California,Male,Endocrinology,,
573,1786340673,Thurstan,Espinola,Florida,Male,Neurology,,
574,627557,Dilly,Gricewood,Tennessee,Male,Emergency,,
575,2305526543,Thorpe,Fulleylove,Alabama,Male,Neurology,,
576,3985311223,Letty,Kneath,California,Female,Emergency,,
577,1470988731,Shell,Cristofvao,Maryland,Agender,Pediatrics,,
578,5200163057,Romy,Kelle,Texas,Female,Radiology,,
579,1244813235,Belva,Christley,Georgia,Genderqueer,Family Practice,,
580,479009830,Arney,Coots,Hawaii,Male,Surgery,,
581,1321498531,Janeva,Corlett,North Carolina,Genderqueer,Endocrinology,,
582,6776667907,Merle,Gouldsmith,California,Female,Cardiology,,
583,9511321049,Valera,Gummoe,Indiana,Female,Gynecology,,
584,2132267559,Judy,Seabert,New York,Female,Neurology,,
585,2322105279,Karoly,Scritch,Arizona,Female,Pediatrics,,
586,8932986492,Cece,Shaxby,Louisiana,Male,Endocrinology,,
587,2473532660,Bogart,Sprowell,Texas,Male,Emergency,,
588,5129458794,Melva,Barsby,Pennsylvania,Female,Family Practice,,
589,5979444199,Rog,Biner,Florida,Male,Emergency,,
590,5898281729,Vanni,Mulderrig,Texas,Female,Neurology,,
591,7281585673,Zacharias,Bladge,South Dakota,Male,Surgery,,
592,2538746096,Wallache,MacGowan,West Virginia,Male,Pediatrics,,
593,5453234160,Caprice,Molnar,Ohio,Female,Endocrinology,,
594,1406057194,Errick,McLemon,Oklahoma,Male,Emergency,,
595,2023870631,Trudi,Turnpenny,Ohio,Female,Gynecology,,
596,5654256122,Janet,Fandrey,Florida,Female,Neurology,,
597,7048910490,Gale,Ossenna,West Virginia,Female,Cardiology,,
598,8438101462,Allard,Chesterfield,California,Male,Emergency,,
599,9140244561,Derick,O'Sirin,Georgia,Male,Gynecology,,
600,1527522280,Eloise,Hacquard,Florida,Female,Cardiology,,
601,9517118041,Gallagher,Tallman,New Jersey,Male,Emergency,,
602,4047899576,Bendicty,Jentin,Utah,Male,Pediatrics,,
603,3545863344,Bronson,Bolf,District of Columbia,Bigender,Endocrinology,,
604,1732442828,Agustin,Feragh,Kentucky,Male,Family Practice,,
605,2182195899,Agata,Veldens,Georgia,Female,Gynecology,,
606,9507855382,York,Brideaux,California,Male,Cardiology,,
607,9425640619,Granger,Wannes,Idaho,Male,Surgery,,
608,9655337614,Myrtie,Shillum,Kentucky,Female,Endocrinology,,
609,8764395492,Teri,Galliard,Hawaii,Female,Radiology,,
610,4688780052,Klement,Munden,Pennsylvania,Male,Endocrinology,,
611,6262652792,Rolfe,Barchrameev,Texas,Male,Cardiology,,
612,8889418383,Katrina,Runsey,Tennessee,Female,Emergency,,
613,3185261832,Normand,Cattell,Massachusetts,Male,Neurology,,
614,627207212,Sandy,Corkill,Texas,Male,Endocrinology,,
615,3335109951,Justine,Monroe,California,Female,Gynecology,,
616,121249364,Zeke,Witz,Nevada,Male,Surgery,,
617,5467505476,Christin,Kettlesting,Texas,Female,Emergency,,
618,9909227108,Philippa,Ketts,California,Genderqueer,Pediatrics,,
619,2373324152,Kevin,Feronet,Nevada,Male,Cardiology,,
620,900239647,Whitaker,Gannaway,Texas,Male,Neurology,,
621,1308621380,Kacy,Petegrew,Texas,Female,Endocrinology,,
622,2024946655,Christoper,Onslow,California,Male,Family Practice,,
623,4588856041,Joela,Andraud,Washington,Female,Emergency,,
624,5166499571,Teodoor,Chicchelli,Michigan,Male,Endocrinology,,
625,7806061017,Alden,Asquez,California,Male,Neurology,,
626,6275094363,Matthus,Covill,California,Male,Gynecology,,
627,2381273364,Percy,Debnam,Texas,Male,Endocrinology,,
628,1411531426,Mercy,Pulster,Minnesota,Female,Gynecology,,
629,1121731465,Amandie,Rodders,Michigan,Female,Oncology,,
630,2418738291,Buck,Braban,Virginia,Polygender,Radiology,,
631,264856289,Teodor,Titchmarsh,Virginia,Male,Oncology,,
632,4939102647,Zacherie,Freegard,Texas,Genderfluid,Cardiology,,
633,8575807776,Shelby,Shearston,Florida,Female,Radiology,,
634,7034353351,Edmon,Southeran,California,Male,Emergency,,
635,1922736942,Merrick,Parlatt,Pennsylvania,Male,Neurology,,
636,1213984114,Tailor,Keary,Texas,Male,Surgery,,
637,7314706688,Zarla,Bottelstone,Tennessee,Female,Family Practice,,
638,5752029112,Noland,Braganca,Oklahoma,Male,Radiology,,
639,4090813344,Earle,O'Reilly,Nevada,Male,Endocrinology,,
640,6023293433,Amber,Arstall,Florida,Genderqueer,Neurology,,
641,4081033778,Bernardina,Lorinez,Iowa,Female,Surgery,,
642,667560458,Tynan,Hriinchenko,Washington,Male,Neurology,,
643,6155698902,Lou,Raulston,California,Female,Gynecology,,
644,5703655528,Tootsie,Terren,Missouri,Female,Emergency,,
645,2781166248,Orrin,Matasov,New York,Male,Family Practice,,
646,9447329129,Joellen,Freckelton,Washington,Female,Endocrinology,,
647,1287988340,Nikki,Redwin,Texas,Female,Emergency,,
648,1212467737,Stacy,Trainer,Illinois,Male,Cardiology,,
649,9383804769,Adolpho,Kingzeth,Louisiana,Male,Cardiology,,
650,6274351990,Darrin,Askam,Kentucky,Male,Neurology,,
651,1233086069,Gordon,Hooban,Washington,Male,Endocrinology,,
652,7767533505,Yalonda,Fairlie,Alabama,Female,Oncology,,
653,718436107,Carolynn,Juszczyk,Maryland,Female,Neurology,,
654,7978257282,Hogan,Ayton,New York,Male,Oncology,,
655,9863055101,Ara,Crampton,Alabama,Female,Radiology,,
656,4565415139,Letti,Yitshak,Pennsylvania,Female,Emergency,,
657,834221773,Bethina,Tremellier,Virginia,Female,Cardiology,,
658,9198655044,Meade,Robshaw,Texas,Female,Cardiology,,
659,4754229202,Lyda,Rowatt,Oklahoma,Female,Surgery,,
660,9665094334,Veradis,Dummigan,Texas,Female,Pediatrics,,
661,6710481093,Ed,Colaton,California,Male,Family Practice,,
662,327663205,Corbie,Dudliston,Connecticut,Male,Emergency,,
663,1031387315,Euphemia,Karchowski,District of Columbia,Bigender,Endocrinology,,
664,2399426492,Meade,Jerschke,New York,Female,Endocrinology,,
665,5559629108,Winn,Whaymand,North Carolina,Male,Pediatrics,,
666,1604839534,Teddy,Beamont,California,Male,Surgery,,
667,7165400458,Park,McMaster,Nebraska,Male,Emergency,,
668,7050486266,Clint,Spaven,Florida,Male,Family Practice,,
669,1534068434,Abbe,McFarland,California,Female,Neurology,,
670,3427908150,Whitby,Robbins,North Carolina,Male,Family Practice,,
671,5018304249,Ganny,Wooles,New York,Male,Pediatrics,,
672,4955483043,Barbie,Downes,Texas,Female,Cardiology,,
673,9109972723,Zachariah,Losselyong,Texas,Male,Neurology,,
674,5247478027,Casie,Escritt,Colorado,Female,Gynecology,,
675,7991247012,Wallache,Prewer,Texas,Male,Pediatrics,,
676,3995770223,Candy,Kliemchen,Maryland,Female,Endocrinology,,
677,3172421254,Bertrand,Strowger,Virginia,Non-binary,Endocrinology,,
678,5984688720,Hobey,Mollon,Florida,Genderfluid,Emergency,,
679,6906367274,Brenda,Edward,New York,Female,Gynecology,,
680,4551123536,Bevin,Bathersby,District of Columbia,Male,Oncology,,
681,7189282990,Dorolice,Loftus,California,Bigender,Cardiology,,
682,9951349809,Melodie,Line,California,Female,Endocrinology,,
683,7528685646,Gwyneth,Mauchline,North Carolina,Female,Emergency,,
684,9395062879,Ronny,Detheridge,Kansas,Male,Oncology,,
685,6201151834,Fredrika,Goodings,Minnesota,Genderfluid,Oncology,,
686,1448268901,Xylia,Shepard,California,Female,Neurology,,
687,9779624666,Wilmer,Ferenc,California,Male,Pediatrics,,
688,9324761542,Patience,Fay,California,Female,Surgery,,
689,875831770,Risa,Boldra,Massachusetts,Female,Surgery,,
690,6094584520,Lauryn,Beardmore,Massachusetts,Female,Oncology,,
691,4678225045,Zonnya,Heinl,Tennessee,Female,Surgery,,
692,2088659431,Lorenza,Judkins,New York,Female,Radiology,,
693,9660140327,Blair,Pinckard,South Carolina,Female,Surgery,,
694,7676864866,Germana,Petrelluzzi,Wisconsin,Female,Neurology,,
695,4028261977,Inger,Dunning,Alabama,Female,Oncology,,
696,6643265246,Damien,Shard,California,Male,Surgery,,
697,5879277225,Mata,Crotch,Kansas,Male,Cardiology,,
698,8473967995,Ogdan,Binner,New York,Male,Surgery,,
699,4983277781,Elias,Friedenbach,Ohio,Male,Family Practice,,
700,3137932818,Zelig,Oubridge,Connecticut,Male,Gynecology,,
701,7800537086,Luisa,Nuss,Alabama,Female,Pediatrics,,
702,8867672642,Jessika,Lillecrap,Missouri,Female,Gynecology,,
703,4418158445,Mortimer,Beardwell,Georgia,Male,Surgery,,
704,1425238964,Giovanna,Sabie,Louisiana,Female,Family Practice,,
705,6392981723,Ingar,McGaffey,Oklahoma,Male,Cardiology,,
706,3554024063,Inglis,Dwelly,Connecticut,Male,Oncology,,
707,8867806714,Butch,Mityushin,Tennessee,Male,Family Practice,,
708,1367191916,Erinna,Hallgarth,Virginia,Female,Surgery,,
709,6378645528,Ban,Padbury,Nebraska,Male,Neurology,,
710,9360977551,Merwin,Goligly,Louisiana,Male,Emergency,,
711,2868815214,Kory,Thiolier,Colorado,Male,Emergency,,
712,6388652621,Immanuel,Carrivick,Texas,Male,Pediatrics,,
713,7297539913,Yehudit,Treweek,Arizona,Male,Emergency,,
714,6453317901,Jacinta,Lorans,Minnesota,Female,Surgery,,
715,9229864550,Charyl,Janeczek,Texas,Female,Cardiology,,
716,5919076617,Jayme,Petracci,Colorado,Non-binary,Cardiology,,
717,7602799964,Cori,Botfield,Texas,Bigender,Gynecology,,
718,225064609,Aprilette,Dreamer,Utah,Female,Emergency,,
719,7413971671,Neddy,Dunne,District of Columbia,Male,Radiology,,
720,5596509805,Maxwell,Romagosa,California,Male,Family Practice,,
721,2669632355,Horatia,Yeldon,Maryland,Female,Surgery,,
722,804321205,Nata,Stefanovic,Hawaii,Genderfluid,Pediatrics,,
723,2875867316,Winnifred,Bellon,California,Female,Family Practice,,
724,1084441479,Danita,Guerola,Pennsylvania,Female,Pediatrics,,
725,7899484774,Wynny,Paddemore,Texas,Polygender,Gynecology,,
726,191454980,Sharl,Seargeant,Alabama,Female,Radiology,,
727,6787921787,Nikola,Blackstone,Arizona,Male,Endocrinology,,
728,178288699,Nickolai,Bread,New York,Male,Cardiology,,
729,8607162868,Terrijo,Pantry,Florida,Female,Radiology,,
730,4153029189,Quill,Swyne,Pennsylvania,Male,Oncology,,
731,5396232584,Laurianne,Donaghie,Illinois,Female,Oncology,,
732,4957373252,Merle,Beavan,Colorado,Bigender,Emergency,,
733,365240409,Nealy,Abotson,South Dakota,Male,Oncology,,
734,5001073775,Antonetta,Soles,Tennessee,Female,Pediatrics,,
735,4217519621,Mathew,Fulcher,Louisiana,Male,Radiology,,
736,4235953017,Catarina,Bunce,Texas,Polygender,Endocrinology,,
737,1492169785,Pace,Follos,Georgia,Male,Family Practice,,
738,2833533980,Vivia,Stribbling,Texas,Female,Surgery,,
739,4167203909,Alexio,Stealfox,Florida,Male,Family Practice,,
740,5781445517,Dennie,Rabley,Virginia,Polygender,Radiology,,
741,9023646994,Helena,Kleinpeltz,Texas,Female,Pediatrics,,
742,4745850576,Angelina,Quarton,Connecticut,Female,Neurology,,
743,7998110991,Logan,Grayston,Minnesota,Male,Neurology,,
744,6126347888,Gabriel,Lancett,North Carolina,Genderqueer,Gynecology,,
745,574959643,Alica,Powlett,New York,Agender,Surgery,,
746,2695394055,Gusta,Milligan,West Virginia,Female,Pediatrics,,
747,3949355988,Brooke,McGarry,Texas,Male,Oncology,,
748,2338240142,Berget,Walles,North Dakota,Female,Neurology,,
749,3619899152,Merell,Rahill,Virginia,Male,Endocrinology,,
750,7611616568,Chas,Murie,Colorado,Male,Cardiology,,
751,1306186536,Chery,Paulus,California,Female,Neurology,,
752,5866313167,Aubine,Raw,Hawaii,Female,Gynecology,,
753,9789916014,Thorin,Mundie,West Virginia,Male,Cardiology,,
754,4715899646,Verile,Payler,Michigan,Non-binary,Oncology,,
755,5716522147,Natasha,Corkel,Pennsylvania,Bigender,Oncology,,
756,8023807576,Cristionna,Birtle,Texas,Female,Surgery,,
757,4169753480,Ellerey,Cockitt,Minnesota,Male,Family Practice,,
758,4648341164,Lock,Wollrauch,New Hampshire,Male,Radiology,,
759,7439668708,Ber,Kirkam,Virginia,Male,Cardiology,,
760,2126481112,Zared,Giddy,Pennsylvania,Male,Emergency,,
761,7510205420,Annadiana,Marmyon,Texas,Female,Neurology,,
762,7186049336,Weider,Grinnov,Nevada,Male,Endocrinology,,
763,2587923499,Peadar,Mustarde,Georgia,Non-binary,Neurology,,
764,3394735089,Selma,McSparran,California,Female,Family Practice,,
765,4885524839,Vania,Henworth,West Virginia,Female,Pediatrics,,
766,8606797000,Rhea,Batalle,Indiana,Female,Endocrinology,,
767,7268594751,Alair,Corps,Illinois,Male,Emergency,,
768,263436233,Tressa,Slavin,Washington,Female,Radiology,,
769,8255696235,Giffy,Gallatly,Mississippi,Male,Neurology,,
770,1157121773,Marius,Kewish,California,Male,Family Practice,,
771,2561154022,Myrtle,Gilogly,New York,Female,Pediatrics,,
772,1453848846,Pinchas,Velti,Arizona,Male,Emergency,,
773,2107750947,Eric,Stelfox,Pennsylvania,Male,Oncology,,
774,8418403625,Darren,Lyles,Florida,Male,Radiology,,
775,2145537410,Meir,Guyon,Virginia,Genderfluid,Pediatrics,,
776,5779085475,Cleveland,Normanvill,Ohio,Male,Surgery,,
777,9099994840,Harrison,Cumberbatch,Pennsylvania,Male,Pediatrics,,
778,1672152302,Trudy,Parsand,Florida,Female,Family Practice,,
779,9113695821,Mendie,Malinson,New Mexico,Male,Oncology,,
780,5215003948,Lolly,Ferier,Iowa,Female,Emergency,,
781,5120223243,Pat,Ellul,Texas,Male,Radiology,,
782,6389608335,Luce,Aberdeen,Washington,Female,Family Practice,,
783,5621713402,Lovell,Luna,Texas,Male,Family Practice,,
784,346994919,Weston,Glen,Iowa,Male,Emergency,,
785,5624743873,Morissa,Ivatts,Indiana,Female,Pediatrics,,
786,5442810476,Evan,Woolmer,Nevada,Male,Cardiology,,
787,7652411399,Rosco,Gligorijevic,Texas,Male,Endocrinology,,
788,7193136077,Cedric,Caldayrou,Michigan,Male,Gynecology,,
789,5802502478,Ogden,Le Frank,Georgia,Male,Surgery,,
790,9468596923,Kameko,Ivan,North Carolina,Female,Cardiology,,
791,2539733518,Jordanna,Gibbe,Virginia,Female,Gynecology,,
792,5894491504,Hermie,Roddick,District of Columbia,Male,Family Practice,,
793,2374234242,Joy,Ormerod,Colorado,Female,Oncology,,
794,2875695434,Inna,Woodburne,Tennessee,Female,Oncology,,
795,1796752588,Jecho,Minero,Kansas,Male,Family Practice,,
796,2825073340,Trefor,Reskelly,Oklahoma,Male,Radiology,,
797,5693178173,Antonia,Fido,Kentucky,Female,Neurology,,
798,7568447995,Yolanda,Royl,Wisconsin,Female,Family Practice,,
799,2227764567,Kahlil,Selbach,Florida,Male,Surgery,,
800,6627257414,Verile,Belliss,Texas,Female,Oncology,,
801,494900860,Dugald,Corck,Florida,Male,Family Practice,,
802,4166745045,Maxine,Kas,Illinois,Polygender,Neurology,,
803,408933395,Marven,Bunford,Virginia,Male,Endocrinology,,
804,4812512229,Field,Castano,Texas,Male,Surgery,,
805,1650438147,Rhianon,Idle,New York,Female,Surgery,,
806,1453142224,Hilary,Story,Missouri,Female,Radiology,,
807,3683289936,Emili,Vanyukhin,New York,Female,Radiology,,
808,1397994175,Cathryn,Stanislaw,Utah,Female,Cardiology,,
809,5685981582,Kienan,Fullman,Tennessee,Male,Endocrinology,,
810,6024963138,Dasie,Kabisch,Virginia,Female,Gynecology,,
811,967262797,Bradford,Legonidec,Ohio,Male,Emergency,,
812,9415807373,Halette,Charpling,Georgia,Genderfluid,Family Practice,,
813,4543150680,Tully,Morrid,Pennsylvania,Male,Oncology,,
814,1926481558,Wittie,Eustice,Georgia,Male,Family Practice,,
815,9635363733,Marijo,Pardie,New Mexico,Female,Emergency,,
816,7437293353,Lorilyn,Metson,Pennsylvania,Female,Surgery,,
817,6271080312,Melicent,Swatland,Indiana,Genderqueer,Family Practice,,
818,3015380,Ogdan,Kermitt,Tennessee,Male,Family Practice,,
819,7344866114,Chariot,Pashler,Iowa,Male,Emergency,,
820,6840605752,Cash,Juorio,New York,Male,Oncology,,
821,6015206704,Mirella,Boncore,Minnesota,Female,Oncology,,
822,2942591265,Lottie,O'Shea,District of Columbia,Female,Oncology,,
823,1161473171,Sadella,Boynes,Virginia,Female,Cardiology,,
824,3320585357,Maureene,Proffitt,Colorado,Female,Radiology,,
825,4069643738,Quill,Kyteley,California,Male,Family Practice,,
826,7292665555,Romola,Fawssett,South Carolina,Female,Oncology,,
827,7378961405,Maribeth,Basten,Minnesota,Female,Gynecology,,
828,2266569335,Debora,Trippitt,California,Female,Neurology,,
829,7922612924,Clio,Carwithan,Texas,Female,Family Practice,,
830,7731729091,Amara,Lauder,New York,Female,Endocrinology,,
831,7638497026,Armand,Boam,Tennessee,Male,Surgery,,
832,7967719521,Massimo,Caldeiro,Virginia,Male,Emergency,,
833,5069250068,Berenice,Hartigan,Michigan,Female,Family Practice,,
834,4400230673,Mack,Luard,California,Polygender,Oncology,,
835,5265273056,Garnette,Berrill,Texas,Female,Surgery,,
836,5361149009,Ricki,Lazonby,Texas,Female,Cardiology,,
837,3225402163,Flori,Stares,California,Female,Family Practice,,
838,9975586613,Tandi,Kassman,Texas,Female,Neurology,,
839,3066922408,Maddie,Delacote,California,Male,Endocrinology,,
840,9232688875,Kenneth,Hazlegrove,Arizona,Male,Emergency,,
841,7127057555,Quentin,Roddie,Tennessee,Male,Cardiology,,
842,8292408563,Kimmy,Turmall,California,Female,Emergency,,
843,3137626289,Myrtle,Martino,Tennessee,Female,Neurology,,
844,2882381153,Fern,Shearman,Kansas,Female,Endocrinology,,
845,988833099,Niki,Chaddock,Georgia,Male,Endocrinology,,
846,582405139,Jarrad,Di Filippo,Ohio,Male,Gynecology,,
847,9483319982,Dur,Danilov,Indiana,Male,Radiology,,
848,83504894,Perla,Shasnan,Texas,Female,Family Practice,,
849,5166343951,Sophia,Medforth,Illinois,Female,Neurology,,
850,3531187199,Susannah,Janjusevic,Minnesota,Female,Endocrinology,,
851,6068676757,Shell,Toke,Texas,Female,Pediatrics,,
852,7069696494,Venus,Garvan,Arizona,Female,Gynecology,,
853,2714227151,Malchy,Shailer,District of Columbia,Male,Radiology,,
854,4099899626,Caleb,Marde,District of Columbia,Male,Pediatrics,,
855,4627105819,Neil,Meert,Massachusetts,Male,Oncology,,
856,2346971676,Carney,Bowen,Kansas,Male,Endocrinology,,
857,3589606097,Philippine,Tolworthie,Florida,Genderfluid,Oncology,,
858,9658027456,Alejoa,Lawson,Florida,Male,Pediatrics,,
859,9128236479,Tanny,Gadsdon,Delaware,Male,Cardiology,,
860,5064707820,Georgeanne,Dooher,Texas,Female,Surgery,,
861,7195100374,Solly,Laroze,Ohio,Male,Gynecology,,
862,7795445326,Shelby,Zorzi,Louisiana,Female,Pediatrics,,
863,2140170182,Pammy,Abel,Texas,Female,Neurology,,
864,3557193334,Nani,Cowen,Montana,Female,Radiology,,
865,6909120859,Eziechiele,Bugden,Indiana,Male,Neurology,,
866,1909439374,Nollie,Withinshaw,Virginia,Agender,Gynecology,,
867,9977721127,Thorin,Bingham,Texas,Male,Surgery,,
868,4902135626,Ellery,Dudliston,Texas,Male,Pediatrics,,
869,5766024822,Margette,Remnant,Virginia,Female,Oncology,,
870,9234008044,Emlyn,Gelderd,Texas,Female,Neurology,,
871,9877703008,Redd,Monaghan,Florida,Male,Surgery,,
872,6758564398,Kurt,Paulley,Kentucky,Male,Pediatrics,,
873,8696425655,Florri,Kingzet,Colorado,Female,Radiology,,
874,708985673,Dex,Cotes,California,Male,Family Practice,,
875,89970827,Egon,Labes,Kansas,Male,Emergency,,
876,1806136862,Jefferson,Beckingham,Colorado,Male,Endocrinology,,
877,1808211051,Mayor,Yeld,Wisconsin,Bigender,Pediatrics,,
878,5864647718,Hildagarde,Meiklem,Florida,Female,Oncology,,
879,5363501232,Harmonia,Chesher,Alaska,Female,Endocrinology,,
880,2150145433,Otha,Swale,Indiana,Female,Neurology,,
881,4321066814,Bobette,Krabbe,Nevada,Female,Family Practice,,
882,991838042,Abbe,Enion,Idaho,Male,Surgery,,
883,3181483880,Vivie,Moncaster,District of Columbia,Female,Pediatrics,,
884,5612369265,Donovan,Harrad,Texas,Male,Emergency,,
885,202174748,Dannel,Grishkov,Texas,Male,Radiology,,
886,4669365013,Rae,Schust,Missouri,Female,Emergency,,
887,3327658748,Chryste,Pamphilon,Massachusetts,Female,Gynecology,,
888,5856400690,Worden,Eldridge,Arizona,Male,Endocrinology,,
889,4738050677,Manon,Keener,Texas,Female,Surgery,,
890,8049326474,Jule,Wainman,Maryland,Male,Endocrinology,,
891,6278980677,Allene,Starling,Georgia,Female,Gynecology,,
892,4505159201,Brnaby,Brackstone,Colorado,Male,Cardiology,,
893,3789266355,Lanie,Killeen,California,Male,Emergency,,
894,2067909841,Melosa,Udie,New York,Female,Radiology,,
895,2919968918,Jacki,Deftie,Minnesota,Female,Pediatrics,,
896,8039564762,Mirabelle,Alkin,New York,Female,Radiology,,
897,4864004092,Cariotta,Galia,Missouri,Female,Emergency,,
898,5593076809,Des,Pinchen,Indiana,Non-binary,Surgery,,
899,2193430360,Edith,Inkpin,Tennessee,Female,Cardiology,,
900,3195623963,Salomone,Getcliff,Georgia,Male,Family Practice,,
901,9065247831,Jorgan,Vevers,Pennsylvania,Male,Oncology,,
902,4135465764,Deerdre,Simoneton,Connecticut,Female,Radiology,,
903,2594554321,Ulysses,Gunn,California,Male,Pediatrics,,
904,1553767981,Candice,Abels,Texas,Female,Surgery,,
905,7120891999,Deirdre,Probbin,California,Genderfluid,Pediatrics,,
906,9386354983,Torrence,Cozins,New York,Male,Gynecology,,
907,1033922382,Deane,Vallow,Missouri,Female,Neurology,,
908,737861377,Kellby,Lardier,New York,Male,Neurology,,
909,1186449690,Teddie,Di Angelo,Michigan,Female,Pediatrics,,
910,3498565469,Boniface,Mardee,Alabama,Male,Pediatrics,,
911,6990387586,Jarrod,Wheatland,Wisconsin,Male,Endocrinology,,
912,814215790,Paxton,MacMurray,Nebraska,Male,Cardiology,,
913,3311573800,Egan,Symonds,California,Male,Endocrinology,,
914,2119334271,Kimble,Child,South Carolina,Male,Oncology,,
915,2360915160,Chev,Pennyman,Texas,Male,Family Practice,,
916,7484727525,Valencia,Pilgram,Delaware,Female,Radiology,,
917,6142902756,Brice,Woodruffe,Georgia,Male,Gynecology,,
918,5256856028,Paula,Verner,Illinois,Female,Emergency,,
919,843195383,Devin,Madoc-Jones,Ohio,Female,Emergency,,
920,9813886726,Timi,Lenthall,Tennessee,Female,Family Practice,,
921,5726257825,Martynne,Benn,California,Female,Family Practice,,
922,8830503060,Henri,Ferris,Oklahoma,Male,Endocrinology,,
923,1306166962,Conway,Pawley,Massachusetts,Male,Emergency,,
924,8719115944,Beck,Iorizzo,Washington,Male,Radiology,,
925,690759776,Rosita,Murfin,Ohio,Female,Oncology,,
926,9103319147,Prinz,Petri,Washington,Male,Family Practice,,
927,1118475924,Gaven,Reis,Texas,Male,Endocrinology,,
928,7030048867,Frances,Sergean,North Carolina,Female,Pediatrics,,
929,7111033204,Candi,Rubberts,Washington,Genderqueer,Emergency,,
930,1637938717,Richard,Shattock,California,Male,Radiology,,
931,6465917776,Maddie,Shrieves,Florida,Polygender,Gynecology,,
932,940225422,Tymon,Forge,Pennsylvania,Male,Endocrinology,,
933,2367496281,Tomkin,Ravenhills,Alabama,Male,Surgery,,
934,286844399,Shanna,Ocheltree,Texas,Female,Oncology,,
935,4805222454,Jon,Pinks,Alaska,Male,Pediatrics,,
936,8521924940,Lyn,Bezants,California,Male,Radiology,,
937,5149607959,Rafi,Abells,Kansas,Male,Pediatrics,,
938,3190273913,Darcey,Vasler,Minnesota,Female,Oncology,,
939,3563394565,Kristo,Cyson,Florida,Male,Cardiology,,
940,4235573874,Jessamyn,Gossop,Florida,Polygender,Neurology,,
941,3890915904,Myrwyn,Guisot,Georgia,Male,Cardiology,,
942,2463604904,Dev,Strong,Texas,Male,Gynecology,,
943,7349702347,Piggy,Potts,Florida,Polygender,Gynecology,,
944,6979387933,Simona,Cleland,District of Columbia,Female,Endocrinology,,
945,829786932,Emlynn,Stinton,California,Female,Neurology,,
946,9070807417,Granthem,Andrich,Virginia,Male,Family Practice,,
947,7351773877,Harriet,Furnell,Indiana,Female,Family Practice,,
948,7561013241,Norby,Mc Elory,Florida,Male,Pediatrics,,
949,6208694995,Florencia,Gower,Idaho,Female,Radiology,,
950,5885848350,Lucio,Walton,Oklahoma,Male,Pediatrics,,
951,7359295689,Itch,Reyburn,West Virginia,Male,Neurology,,
952,933133657,Andree,Zorn,California,Female,Endocrinology,,
953,533864856,Jemmy,Corthes,Missouri,Female,Surgery,,
954,8821943489,Marcelia,Klink,California,Female,Surgery,,
955,9370226755,Inger,Grigorio,Idaho,Male,Family Practice,,
956,235515047,Caryl,Rubinek,Florida,Male,Neurology,,
957,5024995099,Tris,Kenion,Connecticut,Male,Radiology,,
958,4286846177,Ludovika,Basini-Gazzi,New York,Female,Family Practice,,
959,8275248785,Samuel,Desaur,Colorado,Male,Emergency,,
960,6970393428,Doralin,Penritt,Alabama,Genderqueer,Family Practice,,
961,4254175696,Roselle,Maggiori,Ohio,Female,Radiology,,
962,2630117672,Ervin,Goly,Nebraska,Male,Family Practice,,
963,751066128,Frannie,Amner,California,Female,Gynecology,,
964,644631493,Carrie,Scargle,Texas,Genderfluid,Family Practice,,
965,2352029296,Reece,Bonelle,California,Male,Radiology,,
966,1835884302,Clyve,Vacher,Texas,Male,Family Practice,,
967,4713360079,Rozalin,Beller,California,Female,Emergency,,
968,2085578825,Harp,de la Valette Parisot,Alabama,Male,Pediatrics,,
969,4315310987,Sly,Bernli,West Virginia,Agender,Surgery,,
970,2189784699,Decca,Butfield,New Jersey,Male,Oncology,,
971,1454371493,Colene,Challenor,Texas,Female,Neurology,,
972,8669164385,Mozelle,McCann,West Virginia,Female,Surgery,,
973,381218299,Tiebold,Dunthorn,Delaware,Male,Neurology,,
974,5798720103,Tripp,Hannabuss,New York,Male,Endocrinology,,
975,5773404632,Revkah,Hackelton,Texas,Female,Neurology,,
976,5704548103,Britney,Boscher,District of Columbia,Female,Gynecology,,
977,3247447292,Archer,Arntzen,Pennsylvania,Male,Emergency,,
978,2200546564,Nathalia,Hembry,Michigan,Female,Emergency,,
979,1612070268,Atlanta,Baltrushaitis,Texas,Female,Radiology,,
980,2277746047,Aldwin,Andreaccio,Minnesota,Male,Oncology,,
981,9919819514,Gunilla,Zouch,Georgia,Female,Surgery,,
982,5658691299,Suzanne,Haydn,Minnesota,Female,Pediatrics,,
983,3962783659,Turner,Frill,California,Male,Surgery,,
984,1281324278,Rae,Lautie,California,Female,Endocrinology,,
985,2507907123,Kirsten,Oglethorpe,South Carolina,Female,Radiology,,
986,3137110911,Starr,Chatwood,California,Female,Pediatrics,,
987,7091960622,Upton,Moyce,Ohio,Agender,Family Practice,,
988,2467800595,Oralee,Machan,Ohio,Female,Radiology,,
989,8569152555,Marc,Benedetti,Kentucky,Male,Surgery,,
990,4566715263,Jamil,Streight,Texas,Non-binary,Gynecology,,
991,3046135815,Betteanne,Goodbody,Ohio,Female,Pediatrics,,
992,1365734713,Jerrine,Ruffle,Ohio,Female,Surgery,,
993,708535374,Milton,Cline,Georgia,Male,Surgery,,
994,2900633096,Carmita,Treagus,Wisconsin,Non-binary,Pediatrics,,
995,3560469135,Agnola,Rosendorf,Pennsylvania,Female,Emergency,,
996,9220143666,Mar,Starbeck,Florida,Male,Neurology,,
997,8947655644,Maximilian,Montford,Ohio,Male,Cardiology,,
998,6958672501,Patsy,Grizard,California,Female,Gynecology,,
999,5615596066,Park,Vasic,Texas,Male,Endocrinology,,
1000,331012906,Debera,Crossley,District of Columbia,Female,Surgery,,
